time,open,high,low,close,volume,Index
2023-01-03,1011.54,1043.9,1011.38,1043.9,551325561,VNINDEX
2023-01-04,1047.91,1052.6,1041.56,1046.35,647730520,VNINDEX
2023-01-05,1048.17,1058.14,1046.64,1055.82,535052900,VNINDEX
2023-01-06,1055.46,1065.58,1047.26,1051.44,698499467,VNINDEX
2023-01-09,1058.28,1062.12,1050.95,1054.21,475203965,VNINDEX
2023-01-10,1054.21,1057.44,1045.75,1053.35,546263068,VNINDEX
2023-01-11,1058.25,1065.69,1054.53,1055.76,545184418,VNINDEX
2023-01-12,1058.51,1060.97,1050.27,1056.39,506466858,VNINDEX
2023-01-13,1060.96,1066.39,1055.23,1060.17,670231695,VNINDEX
2023-01-16,1060.17,1067.74,1057.87,1066.68,520790888,VNINDEX
2023-01-17,1067.6,1088.29,1067.6,1088.29,673933466,VNINDEX
2023-01-18,1092.5,1100.39,1089.56,1098.28,604197540,VNINDEX
2023-01-19,1098.28,1111.72,1094.46,1108.08,617714336,VNINDEX
2023-01-27,1114.58,1124.3,1111.41,1117.1,604933400,VNINDEX
2023-01-30,1117.31,1118.46,1102.57,1102.57,798675700,VNINDEX
2023-01-31,1100.87,1111.18,1088.25,1111.18,748424020,VNINDEX
2023-02-01,1114.26,1116.96,1075.97,1075.97,1029897286,VNINDEX
2023-02-02,1079.64,1083.36,1070.81,1077.59,634742880,VNINDEX
2023-02-03,1077.59,1081.89,1070.46,1077.15,563829415,VNINDEX
2023-02-06,1077.14,1089.29,1067.24,1089.29,527006509,VNINDEX
2023-02-07,1089.43,1092.12,1065.18,1065.84,673206842,VNINDEX
2023-02-08,1067.58,1079.51,1063.5,1072.22,569317582,VNINDEX
2023-02-09,1070.07,1075.2,1064.03,1064.03,473849440,VNINDEX
2023-02-10,1066.11,1066.28,1054.08,1055.3,463941839,VNINDEX
2023-02-13,1050.7,1054.05,1031.7,1043.7,681323770,VNINDEX
2023-02-14,1043.7,1046.64,1032.76,1038.64,395732862,VNINDEX
2023-02-15,1037.11,1051.89,1034.39,1048.2,585762700,VNINDEX
2023-02-16,1048.2,1058.29,1047.45,1058.29,475804145,VNINDEX
2023-02-17,1058.29,1062.25,1053.26,1059.31,465080299,VNINDEX
2023-02-20,1059.74,1088.01,1059.56,1086.69,682286993,VNINDEX
2023-02-21,1089.61,1095.1,1081.8,1082.23,720349483,VNINDEX
2023-02-22,1079.72,1079.72,1054.28,1054.28,814013600,VNINDEX
2023-02-23,1053.89,1054.48,1030.58,1053.66,720747240,VNINDEX
2023-02-24,1051.59,1052.49,1034.66,1039.56,430407670,VNINDEX
2023-02-27,1037.54,1037.54,1017.55,1021.25,588607325,VNINDEX
2023-02-28,1021.25,1034.36,1018.72,1024.68,432959234,VNINDEX
2023-03-01,1023.29,1040.55,1013.37,1040.55,523621012,VNINDEX
2023-03-02,1039.0,1043.8,1033.07,1037.61,373163740,VNINDEX
2023-03-03,1038.1,1041.82,1022.78,1024.77,447721928,VNINDEX
2023-03-06,1032.68,1042.43,1026.73,1027.18,421901651,VNINDEX
2023-03-07,1034.62,1043.92,1033.32,1037.84,473165337,VNINDEX
2023-03-08,1028.62,1049.18,1027.8,1049.18,510279935,VNINDEX
2023-03-09,1050.65,1060.56,1049.45,1055.95,609044089,VNINDEX
2023-03-10,1051.68,1053.86,1046.31,1053.0,508592417,VNINDEX
2023-03-13,1053.0,1055.58,1045.46,1052.8,625071605,VNINDEX
2023-03-14,1049.44,1051.56,1034.72,1040.13,621186235,VNINDEX
2023-03-15,1043.82,1062.55,1043.82,1062.19,622855977,VNINDEX
2023-03-16,1055.95,1058.73,1043.65,1047.4,532926812,VNINDEX
2023-03-17,1053.47,1055.42,1043.54,1045.14,564932380,VNINDEX
2023-03-20,1045.14,1045.14,1022.71,1023.1,567363237,VNINDEX
2023-03-21,1027.56,1036.15,1017.05,1032.43,474892969,VNINDEX
2023-03-22,1032.6,1042.84,1032.6,1040.54,458776626,VNINDEX
2023-03-23,1035.44,1045.1,1030.93,1045.1,431450931,VNINDEX
2023-03-24,1047.1,1052.29,1044.02,1046.79,579737940,VNINDEX
2023-03-27,1047.78,1053.78,1041.99,1052.25,556948410,VNINDEX
2023-03-28,1055.82,1059.83,1051.75,1054.29,648102598,VNINDEX
2023-03-29,1055.75,1056.33,1048.26,1056.33,460964114,VNINDEX
2023-03-30,1056.33,1066.23,1056.33,1059.44,633975741,VNINDEX
2023-03-31,1059.79,1067.55,1059.79,1064.64,639933832,VNINDEX
2023-04-03,1071.6,1079.28,1071.6,1079.28,821311240,VNINDEX
2023-04-04,1081.43,1082.21,1075.1,1078.45,803886355,VNINDEX
2023-04-05,1079.06,1080.86,1074.1,1080.86,793746144,VNINDEX
2023-04-06,1083.07,1084.52,1070.91,1070.91,998757389,VNINDEX
2023-04-07,1071.22,1072.94,1063.7,1069.71,646004332,VNINDEX
2023-04-10,1073.86,1075.54,1063.45,1065.35,857459575,VNINDEX
2023-04-11,1063.78,1070.56,1056.9,1069.46,697781314,VNINDEX
2023-04-12,1071.61,1072.7,1066.43,1069.45,726163549,VNINDEX
2023-04-13,1070.48,1070.96,1062.26,1064.3,673041706,VNINDEX
2023-04-14,1067.21,1068.79,1052.89,1052.89,786525944,VNINDEX
2023-04-17,1052.78,1054.72,1049.11,1053.81,453785270,VNINDEX
2023-04-18,1055.65,1057.15,1050.89,1055.02,539759416,VNINDEX
2023-04-19,1058.03,1058.14,1047.47,1048.98,569676924,VNINDEX
2023-04-20,1049.87,1051.86,1045.85,1049.25,373744769,VNINDEX
2023-04-21,1049.25,1050.4,1041.26,1042.91,553030161,VNINDEX
2023-04-24,1042.91,1047.18,1038.36,1041.36,556987634,VNINDEX
2023-04-25,1045.87,1045.87,1032.49,1034.85,539588993,VNINDEX
2023-04-26,1034.18,1040.8,1029.19,1040.8,576776771,VNINDEX
2023-04-27,1041.39,1044.25,1037.62,1039.63,511730481,VNINDEX
2023-04-28,1043.17,1049.12,1042.04,1049.12,613143100,VNINDEX
2023-05-04,1046.05,1048.16,1038.18,1040.61,625808460,VNINDEX
2023-05-05,1040.61,1043.22,1036.69,1040.31,547775602,VNINDEX
2023-05-08,1043.48,1053.44,1043.44,1053.44,655533160,VNINDEX
2023-05-09,1055.42,1058.71,1052.68,1053.77,564403499,VNINDEX
2023-05-10,1055.62,1058.67,1053.34,1058.26,717423000,VNINDEX
2023-05-11,1061.07,1063.69,1056.72,1057.12,708309615,VNINDEX
2023-05-12,1057.12,1066.9,1053.97,1066.9,725827200,VNINDEX
2023-05-15,1067.61,1076.32,1065.71,1065.71,834497150,VNINDEX
2023-05-16,1068.51,1069.27,1063.65,1065.91,681376611,VNINDEX
2023-05-17,1066.13,1069.95,1060.44,1060.44,836832759,VNINDEX
2023-05-18,1060.44,1073.41,1060.44,1068.31,649534572,VNINDEX
2023-05-19,1070.13,1070.15,1058.56,1067.07,755489197,VNINDEX
2023-05-22,1068.25,1070.64,1065.88,1070.64,711106360,VNINDEX
2023-05-23,1073.12,1073.96,1062.15,1065.85,721987481,VNINDEX
2023-05-24,1069.49,1069.61,1060.6,1061.79,794095122,VNINDEX
2023-05-25,1062.03,1065.5,1057.91,1064.63,669530149,VNINDEX
2023-05-26,1066.72,1067.28,1063.76,1063.76,640714612,VNINDEX
2023-05-29,1066.34,1077.18,1066.34,1074.98,844875747,VNINDEX
2023-05-30,1074.98,1079.31,1071.01,1078.05,922938040,VNINDEX
2023-05-31,1078.16,1079.11,1071.38,1075.17,924361374,VNINDEX
2023-06-01,1076.5,1078.39,1071.61,1078.39,856813100,VNINDEX
2023-06-02,1084.19,1092.24,1083.36,1090.84,1037413832,VNINDEX
2023-06-05,1099.66,1103.81,1096.76,1097.82,948361281,VNINDEX
2023-06-06,1098.8,1108.31,1098.28,1108.31,842755231,VNINDEX
2023-06-07,1110.79,1112.28,1104.26,1109.54,1000674077,VNINDEX
2023-06-08,1111.73,1115.14,1101.32,1101.32,1324883081,VNINDEX
2023-06-09,1103.01,1107.53,1097.23,1107.53,902209434,VNINDEX
2023-06-12,1110.26,1116.02,1100.08,1116.02,797975274,VNINDEX
2023-06-13,1117.33,1122.46,1116.1,1122.46,943543202,VNINDEX
2023-06-14,1122.46,1129.49,1117.42,1117.42,928596018,VNINDEX
2023-06-15,1116.99,1120.13,1112.11,1116.97,716875115,VNINDEX
2023-06-16,1117.08,1128.92,1112.51,1115.22,1166381071,VNINDEX
2023-06-19,1115.59,1117.23,1104.73,1105.4,811306110,VNINDEX
2023-06-20,1105.4,1111.72,1102.58,1111.72,695589566,VNINDEX
2023-06-21,1112.73,1118.46,1110.65,1118.46,875892009,VNINDEX
2023-06-22,1126.21,1127.54,1122.27,1125.3,919320913,VNINDEX
2023-06-23,1126.4,1130.61,1122.62,1129.38,906633429,VNINDEX
2023-06-26,1129.38,1134.0,1119.95,1132.03,1040389313,VNINDEX
2023-06-27,1134.36,1136.49,1128.82,1134.33,721995093,VNINDEX
2023-06-28,1135.78,1140.56,1131.86,1138.35,892135684,VNINDEX
2023-06-29,1139.42,1140.43,1125.39,1125.39,906889844,VNINDEX
2023-06-30,1125.32,1126.33,1120.01,1120.18,617525563,VNINDEX
2023-07-03,1124.96,1128.35,1121.17,1125.5,558383886,VNINDEX
2023-07-04,1127.15,1132.12,1123.49,1132.0,701311418,VNINDEX
2023-07-05,1136.64,1138.67,1133.45,1134.62,807034287,VNINDEX
2023-07-06,1134.49,1135.81,1122.35,1126.22,921107414,VNINDEX
2023-07-07,1124.98,1138.07,1122.94,1138.07,798404469,VNINDEX
2023-07-10,1142.76,1149.02,1140.03,1149.02,879429309,VNINDEX
2023-07-11,1149.38,1157.01,1149.38,1151.77,936910449,VNINDEX
2023-07-12,1153.72,1157.43,1149.28,1154.2,788162797,VNINDEX
2023-07-13,1159.75,1165.42,1158.15,1165.42,806743855,VNINDEX
2023-07-14,1165.42,1169.84,1156.28,1168.4,1042750588,VNINDEX
2023-07-17,1171.75,1174.89,1168.77,1173.13,914617699,VNINDEX
2023-07-18,1173.15,1175.7,1170.04,1174.09,837137143,VNINDEX
2023-07-19,1174.09,1178.55,1172.98,1172.98,896644826,VNINDEX
2023-07-20,1172.98,1174.39,1166.62,1172.81,796609448,VNINDEX
2023-07-21,1173.21,1185.9,1172.07,1185.9,988085166,VNINDEX
2023-07-24,1190.77,1193.22,1183.39,1190.72,1043024974,VNINDEX
2023-07-25,1194.45,1199.27,1193.34,1195.9,1000328186,VNINDEX
2023-07-26,1196.33,1200.84,1195.44,1200.84,912295513,VNINDEX
2023-07-27,1201.69,1203.69,1191.08,1197.33,1162285963,VNINDEX
2023-07-28,1197.58,1207.67,1195.86,1207.67,1111482062,VNINDEX
2023-07-31,1207.67,1224.81,1207.67,1222.9,1204882556,VNINDEX
2023-08-01,1230.32,1234.5,1217.56,1217.56,1280939063,VNINDEX
2023-08-02,1217.03,1223.04,1213.18,1220.43,940810059,VNINDEX
2023-08-03,1219.73,1222.35,1209.06,1210.95,1032558151,VNINDEX
2023-08-04,1211.9,1228.12,1211.9,1225.98,1126518936,VNINDEX
2023-08-07,1233.1,1241.42,1230.38,1241.42,1295575765,VNINDEX
2023-08-08,1243.38,1246.22,1239.01,1242.23,1192874638,VNINDEX
2023-08-09,1240.71,1241.96,1231.28,1233.99,1092478002,VNINDEX
2023-08-10,1236.51,1238.19,1220.61,1220.61,1010944643,VNINDEX
2023-08-11,1228.78,1232.21,1213.37,1232.21,1012420560,VNINDEX
2023-08-14,1237.43,1239.61,1229.04,1236.84,1106278804,VNINDEX
2023-08-15,1236.84,1239.42,1230.58,1234.05,912029078,VNINDEX
2023-08-16,1234.77,1243.48,1234.77,1243.26,930667089,VNINDEX
2023-08-17,1242.58,1243.98,1233.48,1233.48,1111719043,VNINDEX
2023-08-18,1227.18,1228.98,1177.74,1177.99,1702046002,VNINDEX
2023-08-21,1178.39,1188.16,1164.63,1179.76,1078398206,VNINDEX
2023-08-22,1180.17,1184.43,1149.13,1180.49,1055664316,VNINDEX
2023-08-23,1193.32,1193.79,1168.89,1172.56,747179434,VNINDEX
2023-08-24,1172.56,1189.99,1171.33,1189.39,851534592,VNINDEX
2023-08-25,1189.37,1192.59,1181.6,1183.37,893336876,VNINDEX
2023-08-28,1189.87,1202.02,1189.43,1201.72,882846337,VNINDEX
2023-08-29,1204.76,1208.78,1197.57,1204.43,990936199,VNINDEX
2023-08-30,1206.1,1213.52,1203.51,1213.16,911988548,VNINDEX
2023-08-31,1214.32,1224.84,1214.32,1224.05,945474870,VNINDEX
2023-09-05,1231.65,1236.21,1228.7,1234.98,1087343528,VNINDEX
2023-09-06,1237.42,1245.5,1229.89,1245.5,1131934538,VNINDEX
2023-09-07,1247.07,1255.11,1240.82,1243.14,1127715259,VNINDEX
2023-09-08,1241.93,1248.1,1240.15,1241.48,1097934295,VNINDEX
2023-09-11,1245.58,1251.37,1223.33,1223.63,1393859204,VNINDEX
2023-09-12,1223.55,1245.44,1220.85,1245.44,967867696,VNINDEX
2023-09-13,1249.06,1250.61,1232.84,1238.39,1263786726,VNINDEX
2023-09-14,1238.21,1244.21,1223.03,1223.81,1227453311,VNINDEX
2023-09-15,1225.9,1233.87,1220.27,1227.36,917361628,VNINDEX
2023-09-18,1227.36,1227.36,1203.88,1211.81,844996338,VNINDEX
2023-09-19,1212.76,1219.57,1199.85,1211.5,1004729384,VNINDEX
2023-09-20,1212.76,1226.11,1209.46,1226.11,878031341,VNINDEX
2023-09-21,1227.28,1227.88,1211.65,1212.74,963674886,VNINDEX
2023-09-22,1205.41,1205.41,1174.57,1193.05,1393430630,VNINDEX
2023-09-25,1193.05,1195.62,1153.2,1153.2,1086893263,VNINDEX
2023-09-26,1153.2,1163.52,1137.96,1137.96,1046590396,VNINDEX
2023-09-27,1139.65,1153.85,1126.36,1153.85,860424151,VNINDEX
2023-09-28,1153.78,1155.39,1136.99,1152.43,691112432,VNINDEX
2023-09-29,1152.43,1163.88,1152.43,1154.15,574812383,VNINDEX
2023-10-02,1155.36,1161.48,1149.63,1155.25,518241915,VNINDEX
2023-10-03,1145.94,1146.59,1117.28,1118.1,991875600,VNINDEX
2023-10-04,1113.25,1133.79,1106.4,1128.67,682485641,VNINDEX
2023-10-05,1131.29,1133.12,1113.89,1113.89,609007336,VNINDEX
2023-10-06,1115.13,1129.13,1107.4,1128.54,621618542,VNINDEX
2023-10-09,1130.38,1137.36,1127.03,1137.36,602615874,VNINDEX
2023-10-10,1140.83,1150.34,1140.83,1143.69,671763276,VNINDEX
2023-10-11,1146.08,1150.81,1138.22,1150.81,543054354,VNINDEX
2023-10-12,1151.81,1156.73,1148.11,1151.61,647175500,VNINDEX
2023-10-13,1144.5,1155.1,1138.99,1154.73,621416606,VNINDEX
2023-10-16,1154.87,1157.46,1140.64,1141.42,676192185,VNINDEX
2023-10-17,1145.34,1147.89,1121.65,1121.65,610499889,VNINDEX
2023-10-18,1123.58,1125.27,1088.87,1103.4,1038176335,VNINDEX
2023-10-19,1104.03,1104.03,1087.85,1087.85,649225855,VNINDEX
2023-10-20,1087.73,1108.16,1073.73,1108.03,658192868,VNINDEX
2023-10-23,1106.38,1106.8,1086.54,1093.53,563101470,VNINDEX
2023-10-24,1094.77,1107.3,1088.17,1105.9,509040896,VNINDEX
2023-10-25,1106.1,1111.39,1100.64,1101.66,539258100,VNINDEX
2023-10-26,1081.21,1083.22,1049.71,1055.45,1177081206,VNINDEX
2023-10-27,1059.57,1061.87,1037.46,1060.62,692233832,VNINDEX
2023-10-30,1054.03,1060.39,1042.4,1042.4,533359252,VNINDEX
2023-10-31,1043.83,1046.17,1025.03,1028.19,755535020,VNINDEX
2023-11-01,1029.43,1039.66,1020.01,1039.66,679885915,VNINDEX
2023-11-02,1039.86,1075.47,1039.86,1075.47,772121338,VNINDEX
2023-11-03,1077.64,1082.23,1071.11,1076.78,756483331,VNINDEX
2023-11-06,1076.78,1089.66,1076.78,1089.66,692791604,VNINDEX
2023-11-07,1089.66,1089.89,1079.42,1080.29,634514315,VNINDEX
2023-11-08,1079.65,1113.43,1075.8,1113.43,952577357,VNINDEX
2023-11-09,1117.06,1124.78,1112.13,1113.89,1052082350,VNINDEX
2023-11-10,1104.62,1116.02,1101.23,1101.68,1032796666,VNINDEX
2023-11-13,1103.66,1107.91,1093.19,1100.07,789437382,VNINDEX
2023-11-14,1106.44,1115.6,1101.67,1109.73,822197114,VNINDEX
2023-11-15,1120.35,1132.75,1118.74,1122.5,937960012,VNINDEX
2023-11-16,1119.81,1125.53,1114.97,1125.53,687396150,VNINDEX
2023-11-17,1127.92,1129.84,1096.16,1101.19,1255204381,VNINDEX
2023-11-20,1089.99,1111.26,1085.32,1103.66,841468794,VNINDEX
2023-11-21,1104.52,1112.77,1103.79,1110.46,712613814,VNINDEX
2023-11-22,1110.46,1115.47,1103.26,1113.82,946276924,VNINDEX
2023-11-23,1116.32,1118.54,1088.49,1088.49,1028270888,VNINDEX
2023-11-24,1090.72,1095.61,1073.31,1095.61,958343250,VNINDEX
2023-11-27,1095.61,1096.84,1085.69,1088.06,595015273,VNINDEX
2023-11-28,1088.54,1095.43,1076.45,1095.43,681884567,VNINDEX
2023-11-29,1095.43,1105.28,1095.43,1102.8,614957140,VNINDEX
2023-11-30,1101.75,1107.45,1094.13,1094.13,723483378,VNINDEX
2023-12-01,1094.13,1102.2,1090.08,1102.16,603587510,VNINDEX
2023-12-04,1102.16,1123.96,1102.16,1120.49,1120648335,VNINDEX
2023-12-05,1120.49,1124.11,1113.55,1115.97,824655978,VNINDEX
2023-12-06,1115.97,1126.43,1115.97,1126.43,853960306,VNINDEX
2023-12-07,1127.52,1129.83,1109.51,1121.49,1334588551,VNINDEX
2023-12-08,1121.78,1127.46,1119.43,1124.44,819095049,VNINDEX
2023-12-11,1124.44,1129.15,1120.32,1125.5,700589754,VNINDEX
2023-12-12,1127.85,1129.77,1123.35,1127.63,645624476,VNINDEX
2023-12-13,1130.19,1131.21,1112.08,1114.2,844042125,VNINDEX
2023-12-14,1118.14,1120.36,1107.86,1110.13,681022113,VNINDEX
2023-12-15,1109.36,1112.79,1102.3,1102.3,749829297,VNINDEX
2023-12-18,1102.3,1103.74,1091.45,1091.88,713157593,VNINDEX
2023-12-19,1091.9,1096.3,1082.29,1096.3,649906769,VNINDEX
2023-12-20,1097.62,1102.27,1093.38,1100.76,598209855,VNINDEX
2023-12-21,1100.76,1102.43,1094.47,1102.43,520999516,VNINDEX
2023-12-22,1102.23,1104.65,1099.32,1103.06,558031547,VNINDEX
2023-12-25,1104.46,1118.31,1104.27,1117.66,658538434,VNINDEX
2023-12-26,1118.3,1123.11,1117.93,1122.25,644741653,VNINDEX
2023-12-27,1123.49,1126.47,1121.99,1121.99,776800261,VNINDEX
2023-12-28,1122.77,1130.58,1120.5,1128.93,716927949,VNINDEX
2023-12-29,1131.68,1135.05,1129.93,1129.93,710847562,VNINDEX
2024-01-02,1138.01,1139.71,1128.69,1131.72,842255467,VNINDEX
2024-01-03,1131.97,1144.17,1128.32,1144.17,719932658,VNINDEX
2024-01-04,1145.49,1160.08,1144.32,1150.72,1181354559,VNINDEX
2024-01-05,1151.43,1155.84,1149.08,1154.68,803268328,VNINDEX
2024-01-08,1157.54,1162.56,1155.48,1160.19,905408420,VNINDEX
2024-01-09,1161.45,1162.83,1155.46,1158.59,870509266,VNINDEX
2024-01-10,1158.82,1166.1,1155.94,1161.54,992761212,VNINDEX
2024-01-11,1161.54,1169.1,1157.43,1162.22,860493292,VNINDEX
2024-01-12,1159.25,1161.91,1146.75,1154.7,1086669255,VNINDEX
2024-01-15,1158.33,1163.75,1154.12,1154.12,617145386,VNINDEX
2024-01-16,1149.93,1163.12,1147.71,1163.12,611399775,VNINDEX
2024-01-17,1161.95,1168.46,1160.45,1162.53,769803132,VNINDEX
2024-01-18,1164.35,1169.73,1162.62,1169.06,596224450,VNINDEX
2024-01-19,1171.5,1181.5,1171.47,1181.5,662887992,VNINDEX
2024-01-22,1185.6,1186.96,1175.54,1182.86,889755900,VNINDEX
2024-01-23,1184.13,1184.74,1173.78,1177.5,683712214,VNINDEX
2024-01-24,1177.5,1180.3,1172.0,1172.97,733190188,VNINDEX
2024-01-25,1173.7,1173.83,1168.5,1170.37,540538159,VNINDEX
2024-01-26,1173.26,1176.76,1173.26,1175.67,575224219,VNINDEX
2024-01-29,1175.67,1180.46,1174.88,1175.69,666529537,VNINDEX
2024-01-30,1175.97,1179.92,1174.13,1179.65,620146298,VNINDEX
2024-01-31,1181.81,1182.53,1163.13,1164.31,1120899587,VNINDEX
2024-02-01,1162.6,1174.5,1162.45,1173.02,670246274,VNINDEX
2024-02-02,1174.25,1178.27,1169.7,1172.55,914673342,VNINDEX
2024-02-05,1174.41,1188.45,1173.54,1186.06,874803630,VNINDEX
2024-02-06,1188.22,1190.92,1185.68,1188.48,619772100,VNINDEX
2024-02-07,1190.68,1199.52,1190.5,1198.53,685659517,VNINDEX
2024-02-15,1203.08,1207.56,1198.81,1202.5,868724308,VNINDEX
2024-02-16,1205.3,1210.25,1204.29,1209.7,822636730,VNINDEX
2024-02-19,1213.38,1225.48,1212.58,1224.97,1046431380,VNINDEX
2024-02-20,1228.08,1230.47,1222.66,1230.06,939947595,VNINDEX
2024-02-21,1231.5,1234.22,1222.92,1230.04,988846280,VNINDEX
2024-02-22,1230.65,1232.09,1226.15,1227.31,840410190,VNINDEX
2024-02-23,1228.21,1240.81,1211.55,1212.0,1394045720,VNINDEX
2024-02-26,1213.65,1225.21,1210.52,1224.17,889748773,VNINDEX
2024-02-27,1228.98,1237.6,1226.49,1237.46,986854411,VNINDEX
2024-02-28,1242.06,1254.55,1236.32,1254.55,970755990,VNINDEX
2024-02-29,1257.56,1264.39,1247.7,1252.73,1091193600,VNINDEX
2024-03-01,1256.72,1258.76,1247.87,1258.28,961928011,VNINDEX
2024-03-04,1258.28,1268.25,1256.54,1261.41,1183086384,VNINDEX
2024-03-05,1261.41,1269.98,1257.81,1269.98,1011196107,VNINDEX
2024-03-06,1270.05,1277.51,1256.3,1262.73,1062933517,VNINDEX
2024-03-07,1263.51,1269.88,1260.24,1268.46,1017267325,VNINDEX
2024-03-08,1270.14,1274.3,1247.35,1247.35,1346110974,VNINDEX
2024-03-11,1248.54,1254.01,1233.49,1235.49,975985066,VNINDEX
2024-03-12,1234.87,1248.33,1233.14,1245.0,836219861,VNINDEX
2024-03-13,1245.0,1270.51,1245.0,1270.51,982228387,VNINDEX
2024-03-14,1272.16,1276.41,1258.67,1264.26,1057178320,VNINDEX
2024-03-15,1263.46,1271.63,1252.36,1263.78,1067614441,VNINDEX
2024-03-18,1264.17,1269.9,1221.67,1243.56,1708947942,VNINDEX
2024-03-19,1246.54,1249.75,1238.92,1242.46,914651785,VNINDEX
2024-03-20,1243.78,1261.55,1235.46,1260.08,915569336,VNINDEX
2024-03-21,1268.02,1276.42,1264.2,1276.42,1251812900,VNINDEX
2024-03-22,1276.42,1291.27,1276.38,1281.8,1377676890,VNINDEX
2024-03-25,1281.63,1286.84,1264.51,1267.86,1242486633,VNINDEX
2024-03-26,1267.86,1282.5,1264.42,1282.21,941695455,VNINDEX
2024-03-27,1284.59,1286.72,1276.95,1283.09,919282582,VNINDEX
2024-03-28,1288.41,1293.9,1285.52,1290.18,1012175340,VNINDEX
2024-03-29,1293.04,1293.04,1282.44,1284.09,922547400,VNINDEX
2024-04-01,1282.37,1286.8,1274.09,1281.52,971211980,VNINDEX
2024-04-02,1275.83,1287.04,1268.48,1287.04,1087683661,VNINDEX
2024-04-03,1285.26,1288.99,1271.47,1271.47,1077322954,VNINDEX
2024-04-04,1272.91,1277.62,1265.12,1268.25,980907137,VNINDEX
2024-04-05,1268.25,1268.25,1253.56,1255.11,1075439698,VNINDEX
2024-04-08,1255.51,1258.4,1246.87,1250.35,876038830,VNINDEX
2024-04-09,1252.4,1262.82,1247.7,1262.82,717434222,VNINDEX
2024-04-10,1266.52,1268.72,1258.56,1258.56,702274717,VNINDEX
2024-04-11,1255.46,1262.03,1248.11,1258.2,686819590,VNINDEX
2024-04-12,1259.02,1278.39,1259.02,1276.6,944444595,VNINDEX
2024-04-15,1276.16,1281.81,1216.61,1216.61,1455862779,VNINDEX
2024-04-16,1216.65,1222.45,1191.73,1215.68,1355239132,VNINDEX
2024-04-17,1215.98,1221.47,1193.01,1193.01,859252249,VNINDEX
2024-04-19,1188.47,1190.96,1165.99,1174.85,1070536473,VNINDEX
2024-04-22,1183.77,1193.88,1181.13,1190.22,708578793,VNINDEX
2024-04-23,1189.98,1192.8,1169.61,1177.4,778311310,VNINDEX
2024-04-24,1177.4,1207.61,1177.4,1205.61,820079823,VNINDEX
2024-04-25,1206.52,1208.41,1200.21,1204.97,569651810,VNINDEX
2024-04-26,1199.6,1216.6,1198.73,1209.52,620884392,VNINDEX
2024-05-02,1212.13,1216.36,1206.28,1216.36,570363680,VNINDEX
2024-05-03,1219.75,1225.75,1218.33,1221.03,643428817,VNINDEX
2024-05-06,1227.25,1241.58,1224.22,1241.58,864633630,VNINDEX
2024-05-07,1246.25,1250.63,1240.09,1248.63,707897194,VNINDEX
2024-05-08,1243.61,1251.62,1234.76,1250.46,981802972,VNINDEX
2024-05-09,1254.12,1256.8,1243.29,1248.64,771552716,VNINDEX
2024-05-10,1252.04,1252.5,1237.46,1244.7,669111203,VNINDEX
2024-05-13,1244.7,1249.2,1233.56,1240.18,741579440,VNINDEX
2024-05-14,1247.49,1252.52,1240.88,1243.28,640493532,VNINDEX
2024-05-15,1243.28,1257.92,1243.28,1254.39,880174065,VNINDEX
2024-05-16,1264.69,1271.66,1261.19,1268.78,885055936,VNINDEX
2024-05-17,1270.49,1274.27,1266.32,1273.11,937042992,VNINDEX
2024-05-20,1281.52,1285.19,1277.36,1277.58,1161563296,VNINDEX
2024-05-21,1278.44,1281.29,1267.29,1277.14,972159800,VNINDEX
2024-05-22,1280.47,1283.06,1263.87,1266.91,1139091754,VNINDEX
2024-05-23,1266.02,1281.03,1262.29,1281.03,968130000,VNINDEX
2024-05-24,1280.77,1285.07,1250.28,1261.93,1367781161,VNINDEX
2024-05-27,1263.46,1267.68,1257.27,1267.68,726703810,VNINDEX
2024-05-28,1272.85,1281.73,1269.37,1281.73,868584327,VNINDEX
2024-05-29,1281.73,1285.63,1271.6,1272.64,1072465256,VNINDEX
2024-05-30,1267.62,1269.07,1251.8,1266.32,1050581949,VNINDEX
2024-05-31,1268.86,1271.07,1261.43,1261.72,771151605,VNINDEX
2024-06-03,1272.37,1284.48,1271.65,1280.0,1046924676,VNINDEX
2024-06-04,1286.14,1289.31,1281.98,1283.52,935848681,VNINDEX
2024-06-05,1284.36,1293.93,1284.35,1284.35,925054928,VNINDEX
2024-06-06,1288.79,1292.02,1278.4,1283.56,893066672,VNINDEX
2024-06-07,1284.99,1293.03,1283.13,1287.58,698283332,VNINDEX
2024-06-10,1292.89,1297.39,1287.44,1290.67,858651954,VNINDEX
2024-06-11,1295.04,1296.41,1279.47,1284.41,993342917,VNINDEX
2024-06-12,1285.2,1301.35,1281.71,1300.19,895254667,VNINDEX
2024-06-13,1305.69,1306.01,1297.6,1301.51,891331399,VNINDEX
2024-06-14,1303.37,1305.02,1279.91,1279.91,1110637093,VNINDEX
2024-06-17,1281.85,1283.1,1272.54,1274.77,900555134,VNINDEX
2024-06-18,1280.29,1286.52,1278.38,1279.5,805289430,VNINDEX
2024-06-19,1279.5,1284.14,1270.66,1279.79,1004875853,VNINDEX
2024-06-20,1280.98,1286.54,1273.54,1282.3,932545131,VNINDEX
2024-06-21,1284.99,1288.06,1279.44,1282.02,834751762,VNINDEX
2024-06-24,1281.19,1284.84,1252.66,1254.12,1247101984,VNINDEX
2024-06-25,1256.11,1260.07,1250.25,1256.56,835303407,VNINDEX
2024-06-26,1258.42,1262.67,1247.55,1261.24,878371266,VNINDEX
2024-06-27,1261.24,1262.49,1255.12,1259.09,596988499,VNINDEX
2024-06-28,1260.77,1262.61,1240.15,1245.32,840428178,VNINDEX
2024-07-01,1245.22,1254.56,1240.07,1254.56,487191100,VNINDEX
2024-07-02,1258.96,1270.47,1257.93,1269.79,528470005,VNINDEX
2024-07-03,1269.96,1278.14,1268.23,1276.85,589504712,VNINDEX
2024-07-04,1279.12,1283.13,1274.58,1279.89,523462424,VNINDEX
2024-07-05,1279.89,1284.98,1276.93,1283.04,616503474,VNINDEX
2024-07-08,1285.79,1287.14,1277.68,1283.56,766898184,VNINDEX
2024-07-09,1286.7,1294.15,1283.62,1293.71,821808017,VNINDEX
2024-07-10,1295.78,1297.96,1285.94,1285.94,751002251,VNINDEX
2024-07-11,1291.17,1293.32,1283.8,1283.8,697233094,VNINDEX
2024-07-12,1284.57,1288.67,1277.16,1280.75,606308137,VNINDEX
2024-07-15,1281.0,1286.37,1276.27,1279.82,573511101,VNINDEX
2024-07-16,1280.64,1291.47,1279.37,1281.18,684257163,VNINDEX
2024-07-17,1287.48,1290.76,1256.42,1268.66,1225383052,VNINDEX
2024-07-18,1271.15,1274.67,1256.21,1274.44,739044489,VNINDEX
2024-07-19,1274.44,1279.94,1260.68,1264.78,791804100,VNINDEX
2024-07-22,1264.78,1267.43,1245.02,1254.64,923629363,VNINDEX
2024-07-23,1256.36,1258.74,1231.81,1231.81,728380946,VNINDEX
2024-07-24,1226.06,1242.4,1218.65,1238.47,740263375,VNINDEX
2024-07-25,1232.92,1235.67,1226.2,1233.19,484409425,VNINDEX
2024-07-26,1235.08,1242.11,1234.05,1242.11,458792190,VNINDEX
2024-07-29,1245.91,1249.68,1243.08,1246.6,496865207,VNINDEX
2024-07-30,1246.6,1248.73,1236.97,1245.06,653073299,VNINDEX
2024-07-31,1246.7,1255.77,1246.3,1251.51,748846724,VNINDEX
2024-08-01,1251.51,1257.85,1222.51,1226.96,897261200,VNINDEX
2024-08-02,1222.35,1236.6,1209.77,1236.6,696662777,VNINDEX
2024-08-05,1236.6,1236.6,1184.53,1188.07,1038092780,VNINDEX
2024-08-06,1198.53,1213.35,1186.74,1210.28,688836957,VNINDEX
2024-08-07,1210.28,1217.79,1205.11,1215.88,623845094,VNINDEX
2024-08-08,1211.83,1219.97,1202.58,1208.32,758833010,VNINDEX
2024-08-09,1208.32,1225.02,1208.32,1223.64,586759414,VNINDEX
2024-08-12,1223.64,1231.46,1221.16,1230.28,551151486,VNINDEX
2024-08-13,1229.81,1231.55,1223.01,1230.42,539116428,VNINDEX
2024-08-14,1230.42,1236.51,1228.93,1230.36,507177627,VNINDEX
2024-08-15,1230.2,1231.69,1222.28,1223.56,497056231,VNINDEX
2024-08-16,1225.73,1253.24,1225.73,1252.23,965064150,VNINDEX
2024-08-19,1252.23,1263.84,1252.23,1261.62,698632210,VNINDEX
2024-08-20,1261.62,1275.95,1261.62,1272.55,810158292,VNINDEX
2024-08-21,1272.05,1284.05,1268.91,1284.05,836416946,VNINDEX
2024-08-22,1284.05,1288.42,1280.42,1282.78,687364524,VNINDEX
2024-08-23,1282.78,1287.43,1276.43,1285.32,724871854,VNINDEX
2024-08-26,1287.89,1290.45,1278.72,1280.02,775470385,VNINDEX
2024-08-27,1280.02,1282.92,1274.7,1280.56,660799355,VNINDEX
2024-08-28,1283.6,1285.72,1276.9,1281.44,717617522,VNINDEX
2024-08-29,1281.05,1288.2,1280.24,1281.47,634088620,VNINDEX
2024-08-30,1283.16,1286.84,1282.58,1283.87,571596260,VNINDEX
2024-09-04,1273.86,1277.27,1268.43,1275.8,648409343,VNINDEX
2024-09-05,1276.46,1282.21,1266.05,1268.21,665625986,VNINDEX
2024-09-06,1268.22,1274.44,1262.94,1273.96,637094418,VNINDEX
2024-09-09,1273.96,1273.96,1262.97,1267.73,497552945,VNINDEX
2024-09-10,1270.31,1271.83,1252.22,1255.23,690102153,VNINDEX
2024-09-11,1253.07,1256.86,1244.79,1253.27,583746472,VNINDEX
2024-09-12,1253.27,1260.93,1253.27,1256.35,433675900,VNINDEX
2024-09-13,1253.69,1254.24,1248.78,1251.71,482055936,VNINDEX
2024-09-16,1251.0,1255.42,1239.26,1239.26,608012444,VNINDEX
2024-09-17,1239.99,1258.95,1238.69,1258.95,632194532,VNINDEX
2024-09-18,1258.95,1271.77,1257.93,1264.9,799783535,VNINDEX
2024-09-19,1268.28,1271.27,1264.82,1271.27,607580549,VNINDEX
2024-09-20,1271.27,1283.3,1271.27,1272.04,898259995,VNINDEX
2024-09-23,1275.15,1276.99,1267.87,1268.48,564217395,VNINDEX
2024-09-24,1268.48,1276.99,1266.68,1276.99,817535117,VNINDEX
2024-09-25,1283.04,1288.44,1280.47,1287.48,992827530,VNINDEX
2024-09-26,1290.03,1298.71,1289.15,1291.49,956803250,VNINDEX
2024-09-27,1295.03,1300.31,1287.21,1290.92,950804402,VNINDEX
2024-09-30,1290.94,1292.03,1283.92,1287.94,748397879,VNINDEX
2024-10-01,1287.94,1302.22,1287.94,1292.2,982286319,VNINDEX
2024-10-02,1289.5,1293.69,1285.14,1287.84,771123993,VNINDEX
2024-10-03,1288.64,1299.36,1276.51,1278.1,1043697915,VNINDEX
2024-10-04,1278.9,1279.33,1270.6,1270.6,610071050,VNINDEX
2024-10-07,1275.82,1278.61,1264.65,1269.93,542585281,VNINDEX
2024-10-08,1271.82,1275.82,1266.94,1271.98,678704686,VNINDEX
2024-10-09,1273.96,1283.01,1273.04,1281.85,676888068,VNINDEX
2024-10-10,1286.73,1294.33,1284.97,1286.36,720089936,VNINDEX
2024-10-11,1288.11,1289.37,1283.56,1288.39,531739469,VNINDEX
2024-10-14,1289.21,1297.67,1286.13,1286.34,795706807,VNINDEX
2024-10-15,1287.81,1294.05,1279.81,1281.08,712090690,VNINDEX
2024-10-16,1279.86,1283.33,1276.4,1279.48,536674680,VNINDEX
2024-10-17,1279.48,1286.52,1271.82,1286.52,685239360,VNINDEX
2024-10-18,1291.16,1294.1,1285.46,1285.46,689070733,VNINDEX
2024-10-21,1284.17,1287.71,1279.77,1279.77,622809008,VNINDEX
2024-10-22,1280.21,1280.21,1265.44,1269.89,793916700,VNINDEX
2024-10-23,1270.58,1273.21,1263.26,1270.9,589858241,VNINDEX
2024-10-24,1271.17,1274.11,1257.41,1257.41,673137040,VNINDEX
2024-10-25,1257.41,1261.72,1251.75,1252.72,569100886,VNINDEX
2024-10-28,1252.72,1255.18,1250.94,1254.77,482689840,VNINDEX
2024-10-29,1258.03,1262.38,1257.43,1261.78,875048711,VNINDEX
2024-10-30,1261.78,1264.84,1255.07,1258.63,536846200,VNINDEX
2024-10-31,1258.63,1267.88,1255.55,1264.48,614271168,VNINDEX
2024-11-01,1264.48,1264.67,1254.33,1254.89,580509631,VNINDEX
2023-01-03,205.07,212.56,204.71,212.56,66640100,HNXINDEX
2023-01-04,212.72,215.27,211.24,213.06,66302900,HNXINDEX
2023-01-05,212.91,214.7,211.35,213.11,52758800,HNXINDEX
2023-01-06,212.92,214.58,210.1,210.65,58610900,HNXINDEX
2023-01-09,210.71,212.96,208.81,209.67,41623000,HNXINDEX
2023-01-10,209.4,211.17,207.21,210.63,46341900,HNXINDEX
2023-01-11,210.78,213.07,209.5,211.67,58730400,HNXINDEX
2023-01-12,211.67,213.09,210.77,211.94,49518400,HNXINDEX
2023-01-13,211.94,213.68,210.72,211.26,58739800,HNXINDEX
2023-01-16,211.26,211.97,210.02,210.88,36787700,HNXINDEX
2023-01-17,210.87,215.15,210.17,215.15,64674900,HNXINDEX
2023-01-18,215.15,218.16,215.15,217.73,75298700,HNXINDEX
2023-01-19,217.73,219.87,217.49,219.87,69382300,HNXINDEX
2023-01-27,219.87,223.16,219.73,220.76,68581700,HNXINDEX
2023-01-30,220.77,223.09,219.57,220.78,103793800,HNXINDEX
2023-01-31,220.79,222.43,218.21,222.43,86592700,HNXINDEX
2023-02-01,222.44,224.49,216.0,216.01,129118400,HNXINDEX
2023-02-02,216.01,217.4,214.16,215.31,81696200,HNXINDEX
2023-02-03,215.31,217.0,213.67,215.28,55770600,HNXINDEX
2023-02-06,215.28,215.74,213.63,214.47,50018900,HNXINDEX
2023-02-07,214.4,215.31,209.98,210.0,69212100,HNXINDEX
2023-02-08,209.82,212.15,208.74,210.62,61459700,HNXINDEX
2023-02-09,210.62,211.55,209.95,210.91,45875400,HNXINDEX
2023-02-10,210.77,211.29,207.75,208.5,48735800,HNXINDEX
2023-02-13,208.49,208.83,202.02,204.49,81565700,HNXINDEX
2023-02-14,204.49,205.43,201.89,204.86,36357800,HNXINDEX
2023-02-15,204.98,209.25,204.82,207.97,58432100,HNXINDEX
2023-02-16,208.09,210.85,208.09,210.84,65318100,HNXINDEX
2023-02-17,210.84,212.46,209.5,209.95,60131200,HNXINDEX
2023-02-20,209.95,215.97,209.95,215.83,90868300,HNXINDEX
2023-02-21,215.83,217.5,214.01,214.08,79245800,HNXINDEX
2023-02-22,214.08,214.48,209.96,209.96,108963800,HNXINDEX
2023-02-23,209.98,210.45,206.68,209.31,78644700,HNXINDEX
2023-02-24,209.31,211.0,207.26,207.32,55997900,HNXINDEX
2023-02-27,207.32,207.49,202.58,203.27,67332100,HNXINDEX
2023-02-28,201.89,205.52,201.0,202.38,48907900,HNXINDEX
2023-03-01,201.56,206.83,200.35,206.83,58270000,HNXINDEX
2023-03-02,206.81,208.79,204.55,206.14,38574700,HNXINDEX
2023-03-03,206.14,207.68,204.15,204.89,62497500,HNXINDEX
2023-03-06,204.89,208.45,204.83,206.56,50786500,HNXINDEX
2023-03-07,205.19,207.94,203.31,207.5,43275300,HNXINDEX
2023-03-08,207.44,208.69,205.91,208.68,57756500,HNXINDEX
2023-03-09,208.68,209.9,207.05,209.03,55081800,HNXINDEX
2023-03-10,209.03,209.14,206.96,207.86,65589200,HNXINDEX
2023-03-13,207.86,207.86,205.7,205.85,50565700,HNXINDEX
2023-03-14,205.85,206.57,201.5,202.55,75556600,HNXINDEX
2023-03-15,202.55,207.99,202.55,207.01,80292800,HNXINDEX
2023-03-16,206.89,207.11,203.63,204.19,48299300,HNXINDEX
2023-03-17,204.19,206.57,203.26,204.47,43736800,HNXINDEX
2023-03-20,204.35,205.22,201.62,201.62,54528800,HNXINDEX
2023-03-21,201.26,203.17,201.17,203.11,36065100,HNXINDEX
2023-03-22,203.1,205.19,203.1,203.96,42959200,HNXINDEX
2023-03-23,203.96,204.17,200.54,203.32,48379700,HNXINDEX
2023-03-24,203.32,206.47,203.32,205.72,66194000,HNXINDEX
2023-03-27,205.83,206.67,205.14,206.67,63298000,HNXINDEX
2023-03-28,206.74,207.94,204.93,205.76,69184400,HNXINDEX
2023-03-29,205.76,206.46,204.14,205.59,51761700,HNXINDEX
2023-03-30,205.59,207.53,205.59,205.95,69665400,HNXINDEX
2023-03-31,205.95,207.52,204.97,207.5,78320600,HNXINDEX
2023-04-03,207.5,211.19,207.5,210.48,94583300,HNXINDEX
2023-04-04,210.47,211.7,209.8,210.73,92327600,HNXINDEX
2023-04-05,210.58,213.18,210.58,212.58,118127600,HNXINDEX
2023-04-06,212.58,215.42,211.42,211.43,149188300,HNXINDEX
2023-04-07,211.43,212.81,209.46,211.6,103718500,HNXINDEX
2023-04-10,211.72,214.76,210.53,212.0,154228800,HNXINDEX
2023-04-11,212.0,212.34,208.81,212.34,112222000,HNXINDEX
2023-04-12,212.34,213.49,211.4,211.94,93045800,HNXINDEX
2023-04-13,212.06,212.69,209.52,209.84,84777000,HNXINDEX
2023-04-14,209.63,210.84,207.25,207.25,109453700,HNXINDEX
2023-04-17,207.25,207.51,205.8,206.63,55552500,HNXINDEX
2023-04-18,206.45,208.25,206.01,208.25,74313800,HNXINDEX
2023-04-19,208.25,208.93,205.71,205.85,61614700,HNXINDEX
2023-04-20,205.7,207.64,205.37,206.61,65191200,HNXINDEX
2023-04-21,206.61,208.51,206.16,206.92,93023900,HNXINDEX
2023-04-24,206.8,208.19,206.13,206.76,59010600,HNXINDEX
2023-04-25,206.75,207.7,204.34,204.69,85409500,HNXINDEX
2023-04-26,204.59,205.84,203.62,205.84,62716900,HNXINDEX
2023-04-27,205.75,207.47,205.4,205.86,66711300,HNXINDEX
2023-04-28,205.62,207.63,205.52,207.48,71354700,HNXINDEX
2023-05-04,207.44,208.7,206.88,208.15,85437500,HNXINDEX
2023-05-05,207.22,209.29,205.02,207.8,70610100,HNXINDEX
2023-05-08,207.74,211.18,207.74,210.92,111600800,HNXINDEX
2023-05-09,210.98,212.2,210.75,211.95,77374000,HNXINDEX
2023-05-10,211.9,214.27,211.24,213.89,117533600,HNXINDEX
2023-05-11,213.94,215.82,213.94,214.41,118735300,HNXINDEX
2023-05-12,214.46,215.11,213.54,215.1,117050800,HNXINDEX
2023-05-15,215.1,217.4,214.33,214.33,114774200,HNXINDEX
2023-05-16,213.55,216.12,213.55,214.62,93249200,HNXINDEX
2023-05-17,214.69,215.79,212.7,212.86,118554000,HNXINDEX
2023-05-18,212.94,214.47,212.79,213.01,105923100,HNXINDEX
2023-05-19,213.01,214.92,212.3,213.91,102582300,HNXINDEX
2023-05-22,213.97,216.14,213.91,215.9,82282300,HNXINDEX
2023-05-23,216.01,217.34,214.55,215.79,106763800,HNXINDEX
2023-05-24,215.79,217.28,215.68,215.96,90654500,HNXINDEX
2023-05-25,216.07,217.11,215.04,216.78,81540200,HNXINDEX
2023-05-26,216.78,217.75,216.71,217.64,79665300,HNXINDEX
2023-05-29,217.75,220.57,217.75,220.31,127794300,HNXINDEX
2023-05-30,220.31,222.05,219.79,221.33,111919400,HNXINDEX
2023-05-31,221.46,223.9,221.38,222.81,130408200,HNXINDEX
2023-06-01,222.9,225.11,222.39,223.97,117998200,HNXINDEX
2023-06-02,223.97,227.71,223.95,226.03,126959200,HNXINDEX
2023-06-05,226.03,229.17,225.97,226.56,107230400,HNXINDEX
2023-06-06,226.56,228.73,225.77,228.72,130500000,HNXINDEX
2023-06-07,228.73,230.51,228.54,230.33,114024000,HNXINDEX
2023-06-08,230.34,231.62,226.78,226.78,150186800,HNXINDEX
2023-06-09,226.8,227.85,224.68,227.6,117909900,HNXINDEX
2023-06-12,227.6,229.38,226.37,229.37,104836300,HNXINDEX
2023-06-13,229.37,231.08,229.08,230.25,118080100,HNXINDEX
2023-06-14,230.25,232.68,228.68,228.91,117252200,HNXINDEX
2023-06-15,228.92,229.54,227.76,229.53,89334000,HNXINDEX
2023-06-16,229.53,232.13,228.44,228.44,135519300,HNXINDEX
2023-06-19,228.37,229.02,226.31,226.52,127552700,HNXINDEX
2023-06-20,226.52,228.79,226.1,228.77,77076700,HNXINDEX
2023-06-21,228.77,231.77,228.66,231.77,100619900,HNXINDEX
2023-06-22,231.81,233.39,230.81,231.91,107156800,HNXINDEX
2023-06-23,231.91,233.3,230.83,231.54,122047800,HNXINDEX
2023-06-26,231.54,232.09,228.03,231.01,114654000,HNXINDEX
2023-06-27,231.01,232.0,229.44,230.82,68199800,HNXINDEX
2023-06-28,230.85,231.53,229.03,230.25,77789300,HNXINDEX
2023-06-29,230.22,230.6,227.48,227.48,94196800,HNXINDEX
2023-06-30,226.49,228.0,224.4,227.32,63926400,HNXINDEX
2023-07-03,227.32,228.35,225.8,226.6,74973700,HNXINDEX
2023-07-04,226.52,228.79,226.35,228.76,108285100,HNXINDEX
2023-07-05,228.76,230.12,227.63,227.84,90326900,HNXINDEX
2023-07-06,227.84,228.09,223.81,225.08,109123700,HNXINDEX
2023-07-07,225.07,225.82,222.93,225.82,81137400,HNXINDEX
2023-07-10,225.82,228.78,225.81,228.37,120395100,HNXINDEX
2023-07-11,228.33,230.54,228.04,229.22,111718800,HNXINDEX
2023-07-12,229.22,230.55,228.13,228.88,95464800,HNXINDEX
2023-07-13,228.88,230.23,228.01,229.97,99227300,HNXINDEX
2023-07-14,230.11,231.69,228.31,230.19,105546500,HNXINDEX
2023-07-17,230.2,231.91,230.15,230.95,113369700,HNXINDEX
2023-07-18,230.94,232.15,230.04,230.96,95872500,HNXINDEX
2023-07-19,230.98,233.29,230.93,231.47,91266700,HNXINDEX
2023-07-20,232.12,233.19,230.74,233.07,87051600,HNXINDEX
2023-07-21,233.19,234.99,233.19,234.98,91782800,HNXINDEX
2023-07-24,236.76,237.48,235.39,236.53,126554900,HNXINDEX
2023-07-25,235.82,237.66,234.77,236.93,107428000,HNXINDEX
2023-07-26,236.93,237.94,235.34,236.2,74176600,HNXINDEX
2023-07-27,236.2,237.67,234.21,235.64,106448500,HNXINDEX
2023-07-28,235.64,237.84,235.63,237.54,121974100,HNXINDEX
2023-07-31,237.54,240.62,237.44,239.55,114837300,HNXINDEX
2023-08-01,239.56,241.74,239.29,239.35,147174800,HNXINDEX
2023-08-02,239.35,241.94,239.04,241.31,94420100,HNXINDEX
2023-08-03,241.31,242.27,239.18,239.77,100236300,HNXINDEX
2023-08-04,239.77,242.7,239.58,242.41,106347300,HNXINDEX
2023-08-07,242.51,246.24,242.51,245.68,120018900,HNXINDEX
2023-08-08,245.65,247.85,245.64,246.07,158279300,HNXINDEX
2023-08-09,246.22,247.84,245.36,245.88,126452600,HNXINDEX
2023-08-10,245.88,247.22,243.73,243.91,131571600,HNXINDEX
2023-08-11,243.91,245.6,241.69,245.25,108968000,HNXINDEX
2023-08-14,245.07,250.69,245.01,250.44,132868700,HNXINDEX
2023-08-15,250.63,253.53,250.63,251.45,119713800,HNXINDEX
2023-08-16,251.65,252.83,250.71,252.56,103370100,HNXINDEX
2023-08-17,252.56,253.62,249.97,249.97,137339400,HNXINDEX
2023-08-18,249.99,249.99,235.23,235.96,238169400,HNXINDEX
2023-08-21,235.87,239.05,232.92,237.97,116509700,HNXINDEX
2023-08-22,238.04,239.86,231.74,239.65,118695900,HNXINDEX
2023-08-23,239.65,241.77,237.63,238.07,70252300,HNXINDEX
2023-08-24,238.07,243.23,237.54,243.23,99968200,HNXINDEX
2023-08-25,243.23,245.14,242.11,242.9,94819200,HNXINDEX
2023-08-28,243.02,244.98,241.29,244.88,99654500,HNXINDEX
2023-08-29,244.92,248.02,244.92,246.48,104017100,HNXINDEX
2023-08-30,246.47,248.2,244.9,247.96,95312000,HNXINDEX
2023-08-31,247.96,249.77,247.91,249.75,94757800,HNXINDEX
2023-09-05,249.75,252.95,248.04,252.28,111879700,HNXINDEX
2023-09-06,252.16,255.37,250.85,255.36,105685500,HNXINDEX
2023-09-07,255.36,257.74,254.72,256.14,117385200,HNXINDEX
2023-09-08,256.13,257.81,255.32,256.2,107226000,HNXINDEX
2023-09-11,256.2,258.32,251.33,251.33,130335000,HNXINDEX
2023-09-12,251.1,256.36,250.46,256.32,97505600,HNXINDEX
2023-09-13,256.32,259.03,254.29,256.11,116463000,HNXINDEX
2023-09-14,256.11,256.97,251.8,251.86,121708700,HNXINDEX
2023-09-15,251.86,254.54,251.05,252.76,82265300,HNXINDEX
2023-09-18,252.74,253.1,249.31,250.48,78253700,HNXINDEX
2023-09-19,249.73,252.33,247.29,250.22,86509300,HNXINDEX
2023-09-20,250.22,254.83,250.05,254.82,77548100,HNXINDEX
2023-09-21,254.82,255.57,251.24,251.87,101433100,HNXINDEX
2023-09-22,251.91,251.91,240.9,243.15,174468700,HNXINDEX
2023-09-25,243.12,243.84,231.5,231.5,130444800,HNXINDEX
2023-09-26,231.43,235.62,229.68,229.75,120452000,HNXINDEX
2023-09-27,229.75,235.85,227.89,235.84,98772900,HNXINDEX
2023-09-28,235.84,236.17,231.81,234.5,82309700,HNXINDEX
2023-09-29,234.58,236.88,234.08,236.35,79609100,HNXINDEX
2023-10-02,236.35,238.17,235.74,236.72,63844000,HNXINDEX
2023-10-03,236.72,236.8,226.3,226.68,134889100,HNXINDEX
2023-10-04,226.45,232.24,222.92,230.2,91999900,HNXINDEX
2023-10-05,230.2,232.32,227.99,228.01,67820100,HNXINDEX
2023-10-06,228.01,230.53,225.78,230.45,71441400,HNXINDEX
2023-10-09,230.53,233.57,230.49,233.55,77885100,HNXINDEX
2023-10-10,233.55,236.61,233.07,234.17,96734400,HNXINDEX
2023-10-11,234.3,237.02,233.43,237.0,89382300,HNXINDEX
2023-10-12,237.06,239.98,236.27,238.44,96639700,HNXINDEX
2023-10-13,238.47,239.69,235.78,239.05,88803300,HNXINDEX
2023-10-16,239.05,240.61,236.33,236.46,85904000,HNXINDEX
2023-10-17,236.47,237.73,230.02,230.03,90831200,HNXINDEX
2023-10-18,230.03,231.86,221.67,227.11,128613300,HNXINDEX
2023-10-19,227.11,227.6,222.61,223.45,76278200,HNXINDEX
2023-10-20,223.41,228.45,220.9,228.45,92004200,HNXINDEX
2023-10-23,227.3,229.55,225.15,226.26,63529600,HNXINDEX
2023-10-24,224.53,228.96,224.08,228.89,60814400,HNXINDEX
2023-10-25,228.89,230.8,226.73,227.01,71896500,HNXINDEX
2023-10-26,226.79,226.94,213.06,214.98,175430800,HNXINDEX
2023-10-27,214.33,218.47,212.63,218.04,79198000,HNXINDEX
2023-10-30,217.98,218.35,211.34,211.34,64544100,HNXINDEX
2023-10-31,211.55,212.93,204.48,206.17,102673900,HNXINDEX
2023-11-01,205.74,209.68,203.33,209.65,95162800,HNXINDEX
2023-11-02,209.83,218.38,208.06,217.97,116146600,HNXINDEX
2023-11-03,217.97,219.44,216.42,217.75,91361000,HNXINDEX
2023-11-06,217.77,219.59,215.54,219.59,76165500,HNXINDEX
2023-11-07,217.73,221.57,217.73,218.29,88804200,HNXINDEX
2023-11-08,218.27,227.03,216.63,227.03,124587400,HNXINDEX
2023-11-09,225.69,231.44,225.69,228.22,129931400,HNXINDEX
2023-11-10,227.61,229.82,226.2,226.65,124346600,HNXINDEX
2023-11-13,225.63,228.0,224.12,226.11,92312800,HNXINDEX
2023-11-14,226.13,229.47,225.97,227.43,82116000,HNXINDEX
2023-11-15,225.45,232.25,225.45,227.88,108421200,HNXINDEX
2023-11-16,227.86,229.57,226.49,229.56,101417800,HNXINDEX
2023-11-17,229.56,231.11,225.41,226.54,147441600,HNXINDEX
2023-11-20,226.54,228.47,223.5,227.77,93190300,HNXINDEX
2023-11-21,227.2,229.95,225.92,229.8,91303900,HNXINDEX
2023-11-22,229.37,230.74,228.03,230.49,97333700,HNXINDEX
2023-11-23,230.49,232.01,224.54,224.54,129071000,HNXINDEX
2023-11-24,222.9,226.1,220.15,226.1,122379800,HNXINDEX
2023-11-27,226.1,226.82,222.93,223.89,55289900,HNXINDEX
2023-11-28,223.25,224.66,220.75,224.39,77851800,HNXINDEX
2023-11-29,224.39,227.04,224.06,227.03,76612600,HNXINDEX
2023-11-30,227.03,228.76,226.13,226.15,97855500,HNXINDEX
2023-12-01,226.15,227.47,224.35,226.26,74168300,HNXINDEX
2023-12-04,226.08,232.75,226.08,231.31,136470000,HNXINDEX
2023-12-05,230.49,232.62,230.24,231.34,91788800,HNXINDEX
2023-12-06,231.28,233.64,231.05,233.63,100754800,HNXINDEX
2023-12-07,232.29,234.71,228.72,231.84,185176500,HNXINDEX
2023-12-08,232.65,233.09,230.12,231.2,90162700,HNXINDEX
2023-12-11,231.02,232.64,229.81,231.37,76360300,HNXINDEX
2023-12-12,230.09,232.91,226.38,231.71,74246200,HNXINDEX
2023-12-13,231.67,232.57,228.0,228.42,97238100,HNXINDEX
2023-12-14,228.52,230.05,226.48,227.23,80909200,HNXINDEX
2023-12-15,227.23,228.49,226.16,227.02,76520600,HNXINDEX
2023-12-18,227.04,227.56,225.11,225.73,62271000,HNXINDEX
2023-12-19,224.87,227.27,223.39,227.27,78474300,HNXINDEX
2023-12-20,227.04,228.21,226.92,228.16,45785200,HNXINDEX
2023-12-21,228.16,228.49,227.12,228.48,45998500,HNXINDEX
2023-12-22,228.48,229.89,227.34,228.27,80080700,HNXINDEX
2023-12-25,227.57,229.95,225.9,229.45,53571800,HNXINDEX
2023-12-26,228.11,231.29,224.62,231.26,54602700,HNXINDEX
2023-12-27,231.26,231.98,230.07,230.6,62641900,HNXINDEX
2023-12-28,230.45,231.54,229.95,231.35,55936000,HNXINDEX
2023-12-29,229.25,232.29,229.24,231.04,68730800,HNXINDEX
2024-01-02,230.69,232.4,229.7,229.99,59394600,HNXINDEX
2024-01-03,230.37,231.64,229.87,231.64,57900400,HNXINDEX
2024-01-04,231.63,233.66,231.63,232.56,111741500,HNXINDEX
2024-01-05,232.56,233.35,231.69,232.76,59577900,HNXINDEX
2024-01-08,232.76,234.88,232.38,233.33,82783300,HNXINDEX
2024-01-09,233.33,233.95,232.02,232.5,78360000,HNXINDEX
2024-01-10,232.39,233.44,230.91,231.41,88698800,HNXINDEX
2024-01-11,231.43,233.46,231.18,232.71,82324700,HNXINDEX
2024-01-12,232.59,232.69,229.2,230.31,98272900,HNXINDEX
2024-01-15,230.31,231.3,227.47,227.55,62381400,HNXINDEX
2024-01-16,227.02,229.5,226.54,229.5,52494900,HNXINDEX
2024-01-17,229.5,231.32,228.58,229.5,74938400,HNXINDEX
2024-01-18,229.35,230.52,228.95,229.93,47725600,HNXINDEX
2024-01-19,229.93,231.47,229.35,229.48,59926500,HNXINDEX
2024-01-22,229.48,230.6,228.19,229.77,63779200,HNXINDEX
2024-01-23,229.65,230.31,228.93,229.26,60551900,HNXINDEX
2024-01-24,229.26,229.93,226.66,228.53,55984900,HNXINDEX
2024-01-25,228.53,229.41,228.01,228.52,42552200,HNXINDEX
2024-01-26,228.49,229.89,228.45,229.43,59454500,HNXINDEX
2024-01-29,229.46,230.22,229.02,229.05,52423300,HNXINDEX
2024-01-30,229.04,230.82,228.89,230.66,58206700,HNXINDEX
2024-01-31,230.66,231.9,229.05,229.18,95982400,HNXINDEX
2024-02-01,229.18,231.02,228.91,230.57,52615200,HNXINDEX
2024-02-02,230.57,231.92,230.19,230.56,74802700,HNXINDEX
2024-02-05,230.56,231.03,229.86,230.28,69442500,HNXINDEX
2024-02-06,228.21,231.47,228.12,230.63,84479300,HNXINDEX
2024-02-07,230.52,231.63,230.42,231.04,61542300,HNXINDEX
2024-02-15,231.54,233.39,230.96,232.75,59216400,HNXINDEX
2024-02-16,232.65,234.32,230.2,233.04,66005600,HNXINDEX
2024-02-19,233.04,234.04,232.23,233.37,83207900,HNXINDEX
2024-02-20,231.88,234.53,230.38,233.5,95823600,HNXINDEX
2024-02-21,233.5,234.59,232.48,233.84,63362300,HNXINDEX
2024-02-22,232.84,235.05,231.35,234.01,80713000,HNXINDEX
2024-02-23,233.79,234.79,230.69,231.08,120062600,HNXINDEX
2024-02-26,231.08,232.86,230.24,232.86,78783600,HNXINDEX
2024-02-27,232.86,235.38,232.25,235.38,91991000,HNXINDEX
2024-02-28,235.39,236.52,234.07,235.16,90543200,HNXINDEX
2024-02-29,235.16,236.35,233.78,235.46,95396800,HNXINDEX
2024-03-01,235.45,236.66,235.33,236.43,104198300,HNXINDEX
2024-03-04,236.6,238.86,235.7,237.38,104178400,HNXINDEX
2024-03-05,237.37,238.02,234.88,237.35,80257200,HNXINDEX
2024-03-06,236.93,237.93,233.96,235.45,105897800,HNXINDEX
2024-03-07,233.51,237.66,233.39,237.37,143579400,HNXINDEX
2024-03-08,237.38,239.0,235.81,236.32,127805300,HNXINDEX
2024-03-11,236.24,237.12,233.11,233.84,92170000,HNXINDEX
2024-03-12,233.85,234.87,233.45,234.03,75695300,HNXINDEX
2024-03-13,234.14,238.22,232.0,238.2,107339900,HNXINDEX
2024-03-14,237.85,241.01,237.85,239.68,162799000,HNXINDEX
2024-03-15,239.42,241.07,237.95,239.54,106988500,HNXINDEX
2024-03-18,239.31,241.14,232.77,236.68,181918100,HNXINDEX
2024-03-19,236.68,238.39,235.35,236.16,82578800,HNXINDEX
2024-03-20,236.17,238.03,235.28,238.03,75715100,HNXINDEX
2024-03-21,238.03,241.22,237.51,241.14,162768400,HNXINDEX
2024-03-22,241.21,243.59,240.54,241.68,119614100,HNXINDEX
2024-03-25,241.68,243.75,239.75,240.81,128452400,HNXINDEX
2024-03-26,240.47,242.03,237.91,242.03,82720100,HNXINDEX
2024-03-27,242.05,243.89,241.61,242.85,77853600,HNXINDEX
2024-03-28,242.83,244.34,242.69,243.92,83648200,HNXINDEX
2024-03-29,243.93,244.43,242.58,242.58,76128100,HNXINDEX
2024-04-01,242.53,243.38,240.79,242.9,96767900,HNXINDEX
2024-04-02,242.32,245.91,241.19,245.9,121104700,HNXINDEX
2024-04-03,245.9,246.85,243.36,243.96,119437600,HNXINDEX
2024-04-04,243.97,244.16,241.51,242.44,99164800,HNXINDEX
2024-04-05,242.33,242.72,239.68,239.68,126655900,HNXINDEX
2024-04-08,239.68,240.29,238.08,238.08,79482100,HNXINDEX
2024-04-09,238.08,240.36,237.74,240.36,79308800,HNXINDEX
2024-04-10,240.36,240.94,238.5,238.79,56588200,HNXINDEX
2024-04-11,238.39,239.36,236.9,239.07,75084900,HNXINDEX
2024-04-12,239.07,241.34,238.51,241.34,75692000,HNXINDEX
2024-04-15,241.34,242.24,229.71,229.71,163264000,HNXINDEX
2024-04-16,229.71,230.18,224.42,228.83,134870800,HNXINDEX
2024-04-17,228.83,230.1,225.8,226.2,79632700,HNXINDEX
2024-04-19,225.11,226.2,218.88,220.8,127430200,HNXINDEX
2024-04-22,221.48,225.84,221.05,225.31,75054400,HNXINDEX
2024-04-23,224.41,225.64,221.12,222.63,67978000,HNXINDEX
2024-04-24,222.63,228.04,219.45,227.87,80523500,HNXINDEX
2024-04-25,227.94,228.1,225.84,227.57,55023100,HNXINDEX
2024-04-26,227.57,228.11,225.88,226.82,60371900,HNXINDEX
2024-05-02,226.83,227.51,225.67,227.49,47157600,HNXINDEX
2024-05-03,227.44,229.17,227.22,228.22,55505200,HNXINDEX
2024-05-06,228.23,232.32,228.23,232.29,79613900,HNXINDEX
2024-05-07,232.33,232.98,231.57,232.96,69268200,HNXINDEX
2024-05-08,230.84,234.87,230.84,234.52,100331500,HNXINDEX
2024-05-09,234.46,236.33,234.15,234.58,81519000,HNXINDEX
2024-05-10,234.53,235.86,233.02,235.68,89215600,HNXINDEX
2024-05-13,235.68,237.18,234.82,236.36,76975200,HNXINDEX
2024-05-14,236.42,238.04,236.08,236.95,83070300,HNXINDEX
2024-05-15,237.08,239.62,237.06,238.78,114837000,HNXINDEX
2024-05-16,238.86,241.16,238.86,240.02,99755500,HNXINDEX
2024-05-17,240.02,241.55,240.0,241.54,99349300,HNXINDEX
2024-05-20,242.23,244.48,242.13,242.57,100241000,HNXINDEX
2024-05-21,241.48,243.29,238.55,243.29,107697000,HNXINDEX
2024-05-22,241.11,246.23,240.99,245.15,135232900,HNXINDEX
2024-05-23,245.02,246.92,244.19,246.91,101924300,HNXINDEX
2024-05-24,246.95,246.95,238.9,241.72,146437300,HNXINDEX
2024-05-27,239.66,243.12,239.65,242.83,64839600,HNXINDEX
2024-05-28,242.83,245.64,241.37,245.58,77542700,HNXINDEX
2024-05-29,245.24,247.18,243.41,244.15,94001000,HNXINDEX
2024-05-30,243.74,244.22,239.96,244.01,136837500,HNXINDEX
2024-05-31,244.01,244.57,242.62,243.09,74852400,HNXINDEX
2024-06-03,242.82,245.09,242.82,244.72,99120400,HNXINDEX
2024-06-04,244.67,245.81,243.96,244.32,82021300,HNXINDEX
2024-06-05,244.33,246.02,244.09,244.49,88695400,HNXINDEX
2024-06-06,244.03,245.53,243.26,244.18,63352000,HNXINDEX
2024-06-07,244.18,245.49,243.95,244.99,75865800,HNXINDEX
2024-06-10,244.01,246.53,243.64,245.58,77542400,HNXINDEX
2024-06-11,245.58,247.07,244.18,246.41,86955500,HNXINDEX
2024-06-12,245.03,248.31,244.56,248.31,76681200,HNXINDEX
2024-06-13,246.71,249.53,246.65,248.36,73710000,HNXINDEX
2024-06-14,248.36,249.07,243.97,243.97,105893300,HNXINDEX
2024-06-17,243.95,245.3,242.57,243.16,68204900,HNXINDEX
2024-06-18,241.1,244.71,241.1,244.43,51941300,HNXINDEX
2024-06-19,244.38,245.02,242.6,243.57,57862700,HNXINDEX
2024-06-20,243.34,245.01,241.94,243.97,66545500,HNXINDEX
2024-06-21,243.85,245.32,243.62,244.36,70937100,HNXINDEX
2024-06-24,242.3,245.36,238.16,239.74,109851000,HNXINDEX
2024-06-25,239.34,240.79,236.75,240.19,45959100,HNXINDEX
2024-06-26,239.45,240.47,237.78,239.68,47876700,HNXINDEX
2024-06-27,238.99,240.11,238.07,240.07,46615600,HNXINDEX
2024-06-28,240.05,240.27,236.51,237.59,66381900,HNXINDEX
2024-07-01,237.36,238.57,235.88,238.56,47959400,HNXINDEX
2024-07-02,238.22,240.92,237.74,240.8,40052000,HNXINDEX
2024-07-03,240.53,241.9,237.53,241.43,42603700,HNXINDEX
2024-07-04,241.42,242.78,241.02,241.88,45036700,HNXINDEX
2024-07-05,242.02,242.44,240.32,242.31,58031500,HNXINDEX
2024-07-08,242.19,243.86,241.79,243.15,60759200,HNXINDEX
2024-07-09,243.04,245.83,242.87,245.66,66725300,HNXINDEX
2024-07-10,244.29,246.45,244.06,244.54,57472300,HNXINDEX
2024-07-11,242.59,246.54,242.59,245.39,62565600,HNXINDEX
2024-07-12,245.34,246.16,243.94,245.02,51232900,HNXINDEX
2024-07-15,244.22,245.86,243.24,244.84,50461200,HNXINDEX
2024-07-16,244.1,246.37,241.12,244.91,58936700,HNXINDEX
2024-07-17,244.91,246.22,238.37,240.9,87811700,HNXINDEX
2024-07-18,240.9,242.49,239.02,242.49,50063100,HNXINDEX
2024-07-19,242.48,242.79,239.35,240.52,63423200,HNXINDEX
2024-07-22,240.52,240.75,236.17,238.38,80324100,HNXINDEX
2024-07-23,238.38,239.03,234.59,234.6,50771700,HNXINDEX
2024-07-24,234.37,236.17,231.48,236.17,57637800,HNXINDEX
2024-07-25,236.23,236.34,234.04,235.25,34558000,HNXINDEX
2024-07-26,234.53,236.66,234.2,236.66,32777400,HNXINDEX
2024-07-29,236.66,238.49,236.64,237.52,44557000,HNXINDEX
2024-07-30,237.28,238.14,234.53,235.87,54239900,HNXINDEX
2024-07-31,235.87,236.9,234.06,235.36,45488200,HNXINDEX
2024-08-01,235.22,236.06,227.99,229.23,95567800,HNXINDEX
2024-08-02,228.77,231.71,226.16,231.56,56487200,HNXINDEX
2024-08-05,231.56,231.56,221.33,222.71,82649000,HNXINDEX
2024-08-06,222.71,226.54,221.59,226.46,57425500,HNXINDEX
2024-08-07,225.96,228.05,224.99,227.95,38520800,HNXINDEX
2024-08-08,226.47,229.26,225.99,226.73,51375800,HNXINDEX
2024-08-09,226.73,229.41,226.26,229.38,50126400,HNXINDEX
2024-08-12,228.02,230.77,228.0,230.77,39341200,HNXINDEX
2024-08-13,230.53,231.16,228.71,230.18,42302900,HNXINDEX
2024-08-14,229.04,231.65,228.22,229.68,38082300,HNXINDEX
2024-08-15,229.67,229.93,227.08,228.54,35969500,HNXINDEX
2024-08-16,227.2,235.18,226.68,235.15,86909100,HNXINDEX
2024-08-19,234.84,236.65,233.55,236.01,52914300,HNXINDEX
2024-08-20,235.83,237.96,233.89,237.31,68186200,HNXINDEX
2024-08-21,236.41,238.42,236.38,238.42,57139700,HNXINDEX
2024-08-22,237.46,239.0,235.63,238.47,59039900,HNXINDEX
2024-08-23,240.29,240.29,237.01,240.07,64918200,HNXINDEX
2024-08-26,240.3,241.8,238.83,238.97,55497200,HNXINDEX
2024-08-27,238.02,239.53,235.88,238.91,44578900,HNXINDEX
2024-08-28,237.5,239.24,236.67,238.23,54070900,HNXINDEX
2024-08-29,237.93,238.74,234.52,237.88,33581600,HNXINDEX
2024-08-30,237.87,238.43,236.68,237.56,48410400,HNXINDEX
2024-09-04,237.58,237.58,235.09,236.14,48540800,HNXINDEX
2024-09-05,236.14,237.1,234.08,234.96,42984800,HNXINDEX
2024-09-06,234.95,235.06,232.25,234.65,43746900,HNXINDEX
2024-09-09,234.49,234.76,232.45,233.46,52094000,HNXINDEX
2024-09-10,232.56,234.5,230.85,231.69,51397400,HNXINDEX
2024-09-11,231.6,231.92,229.78,231.45,38584900,HNXINDEX
2024-09-12,231.11,232.83,229.41,231.9,34369500,HNXINDEX
2024-09-13,231.01,232.61,228.84,232.42,43453600,HNXINDEX
2024-09-16,232.42,232.97,230.15,230.84,39487000,HNXINDEX
2024-09-17,229.59,232.4,229.05,232.3,45035000,HNXINDEX
2024-09-18,232.3,233.67,229.66,232.95,57261900,HNXINDEX
2024-09-19,230.98,233.78,229.27,233.77,42418800,HNXINDEX
2024-09-20,233.77,235.7,233.13,234.3,57076300,HNXINDEX
2024-09-23,234.31,234.74,233.13,233.38,41373000,HNXINDEX
2024-09-24,233.41,234.34,232.76,234.32,40314400,HNXINDEX
2024-09-25,232.61,236.17,231.77,235.84,71630900,HNXINDEX
2024-09-26,235.49,236.42,234.04,235.92,51304700,HNXINDEX
2024-09-27,236.05,237.18,235.23,235.71,64727900,HNXINDEX
2024-09-30,235.66,236.02,234.33,234.91,52650900,HNXINDEX
2024-10-01,234.86,237.45,234.53,236.05,78389500,HNXINDEX
2024-10-02,236.05,236.19,234.29,235.05,53645500,HNXINDEX
2024-10-03,235.04,235.82,232.44,233.35,70043500,HNXINDEX
2024-10-04,233.35,234.03,232.56,232.67,52066600,HNXINDEX
2024-10-07,232.66,233.9,230.92,232.47,40503400,HNXINDEX
2024-10-08,231.62,233.23,229.46,231.52,65332600,HNXINDEX
2024-10-09,231.53,232.33,230.52,231.77,41752000,HNXINDEX
2024-10-10,231.17,232.87,229.16,231.29,43510700,HNXINDEX
2024-10-11,231.29,231.77,230.75,231.37,40022700,HNXINDEX
2024-10-14,231.24,232.45,230.38,230.72,38405900,HNXINDEX
2024-10-15,230.72,231.47,228.45,228.95,50967300,HNXINDEX
2024-10-16,228.83,229.37,227.84,228.26,33526700,HNXINDEX
2024-10-17,226.89,230.12,226.55,230.12,50091700,HNXINDEX
2024-10-18,228.41,230.69,227.04,229.21,34792300,HNXINDEX
2024-10-21,228.49,229.37,227.24,227.43,42138000,HNXINDEX
2024-10-22,227.25,227.84,224.82,225.5,52812000,HNXINDEX
2024-10-23,225.2,226.51,224.71,226.5,40064900,HNXINDEX
2024-10-24,225.61,227.04,224.13,224.69,34605200,HNXINDEX
2024-10-25,224.69,225.48,224.12,224.63,36270600,HNXINDEX
2024-10-28,223.94,225.21,222.73,224.59,35406400,HNXINDEX
2024-10-29,224.59,226.06,224.25,225.56,37139600,HNXINDEX
2024-10-30,225.22,226.57,224.63,225.88,40530500,HNXINDEX
2024-10-31,225.99,226.81,224.62,226.36,35990900,HNXINDEX
2024-11-01,226.35,226.39,224.56,225.41,38209700,HNXINDEX
